pufferai/pufferlib,Wed Dec 21 2022 16:09:15 GMT-0500 (Eastern Standard Time),0
pufferai/pufferlib,Sat May 18 2024 16:02:32 GMT-0400 (Eastern Daylight Time),120
pufferai/pufferlib,Sat Jun 01 2024 19:20:00 GMT-0400 (Eastern Daylight Time),210
pufferai/pufferlib,Fri Jun 07 2024 02:45:55 GMT-0400 (Eastern Daylight Time),270
pufferai/pufferlib,Sun Jun 16 2024 00:06:10 GMT-0400 (Eastern Daylight Time),360
pufferai/pufferlib,Wed Jun 19 2024 00:56:16 GMT-0400 (Eastern Daylight Time),450
pufferai/pufferlib,Sat Jul 06 2024 10:20:10 GMT-0400 (Eastern Daylight Time),540
pufferai/pufferlib,Wed Jul 17 2024 12:39:12 GMT-0400 (Eastern Daylight Time),630
pufferai/pufferlib,Sun Aug 04 2024 03:28:57 GMT-0400 (Eastern Daylight Time),720
pufferai/pufferlib,Wed Aug 21 2024 10:00:17 GMT-0400 (Eastern Daylight Time),810
pufferai/pufferlib,Tue Sep 03 2024 02:21:35 GMT-0400 (Eastern Daylight Time),900
pufferai/pufferlib,Wed Sep 04 2024 15:37:51 GMT-0400 (Eastern Daylight Time),960
pufferai/pufferlib,Mon Sep 23 2024 06:39:10 GMT-0400 (Eastern Daylight Time),1050
pufferai/pufferlib,Fri Oct 18 2024 16:09:26 GMT-0400 (Eastern Daylight Time),1140
pufferai/pufferlib,Sat Nov 09 2024 09:33:10 GMT-0500 (Eastern Standard Time),1230
pufferai/pufferlib,Wed Nov 27 2024 16:32:41 GMT-0500 (Eastern Standard Time),1290
